Location,Location_Type,Bedroom_Size,Price_2017_01,Price_2017_02,Price_2017_03,Price_2017_04,Price_2017_05,Price_2017_06,Price_2017_07,Price_2017_08,Price_2017_09,Price_2017_10,Price_2017_11,Price_2017_12,Price_2018_01,Price_2018_02,Price_2018_03,Price_2018_04,Price_2018_05,Price_2018_06,Price_2018_07,Price_2018_08,Price_2018_09,Price_2018_10,Price_2018_11,Price_2018_12,Price_2019_01,Price_2019_02,Price_2019_03,Price_2019_04,Price_2019_05,Price_2019_06,Price_2019_07,Price_2019_08,Price_2019_09,Price_2019_10,Price_2019_11,Price_2019_12,Price_2020_01,Price_2020_02,Price_2020_03,Price_2020_04,Price_2020_05,Price_2020_06,Price_2020_07,Price_2020_08,Price_2020_09
"Alabama","State","Studio",622,625,629,630,634,640,644,644,648,648,645,639,638,636,639,643,648,654,660,665,666,665,662,660,660,663,669,674,678,684,689,693,692,690,687,686,686,688,690,689,689,692,699,708,713
"Alabama","State","1br",631,635,639,639,644,649,653,654,658,657,655,649,647,646,649,653,658,664,670,675,676,675,672,670,670,673,679,684,688,694,700,704,703,700,698,697,697,698,700,700,700,702,710,718,723
"Alabama","State","2br",775,780,785,785,791,798,803,803,808,807,805,797,795,794,797,802,809,816,823,829,830,829,826,824,823,827,834,840,845,853,860,865,863,860,857,856,856,858,860,859,859,862,872,882,889
"Alabama","State","3br",941,947,953,953,961,968,975,976,981,981,977,968,966,964,968,974,982,991,1000,1007,1008,1006,1003,1000,1000,1005,1013,1020,1026,1036,1044,1050,1048,1045,1041,1039,1039,1042,1045,1044,1044,1047,1059,1072,1079
"Alabama","State","4br",1127,1133,1141,1141,1150,1159,1166,1168,1174,1173,1170,1158,1155,1153,1159,1166,1175,1186,1197,1205,1206,1204,1200,1197,1196,1202,1212,1221,1228,1239,1249,1256,1254,1250,1246,1244,1244,1247,1250,1249,1249,1253,1268,1282,1291
"Alaska","State","Studio",819,806,,,825,831,,824,809,810,,820,831,822,825,824,830,826,828,830,832,831,824,824,824,830,829,833,836,841,840,841,840,833,827,827,839,838,846,845,853,850,848,856,861
"Alaska","State","1br",922,907,,,930,936,,928,912,912,,924,936,926,930,928,935,931,933,935,937,936,928,928,928,935,933,938,942,947,946,947,946,938,932,932,945,944,953,952,961,957,955,964,969
"Alaska","State","2br",1229,1209,,,1239,1248,,1237,1215,1215,,1231,1248,1234,1239,1237,1246,1241,1243,1246,1249,1248,1237,1237,1238,1246,1244,1250,1256,1263,1261,1262,1261,1251,1242,1242,1260,1258,1270,1269,1281,1276,1273,1285,1292
"Alaska","State","3br",1687,1659,,,1700,1712,,1698,1668,1668,,1689,1712,1694,1700,1698,1710,1703,1706,1710,1715,1712,1698,1697,1698,1709,1707,1715,1723,1733,1731,1732,1730,1716,1704,1704,1729,1726,1743,1741,1758,1750,1747,1763,1773
"Alaska","State","4br",2071,2038,,,2088,2103,,2085,2047,2048,,2074,2102,2080,2088,2084,2100,2090,2095,2100,2105,2103,2085,2084,2085,2099,2096,2106,2116,2128,2125,2127,2125,2107,2092,2093,2123,2119,2140,2137,2158,2149,2146,2165,2177
"Arizona","State","Studio",731,727,732,735,738,744,747,748,748,748,747,750,753,754,759,763,770,772,780,785,792,795,797,800,803,808,813,820,828,836,842,848,851,853,854,857,861,865,868,863,855,851,859,871,879
"Arizona","State","1br",786,782,788,790,794,800,803,804,805,804,804,807,810,812,816,821,828,830,838,845,852,856,857,861,863,869,874,882,890,899,906,912,915,917,919,922,926,930,934,928,920,916,924,936,946
"Arizona","State","2br",966,961,968,971,976,983,987,988,989,989,988,992,995,997,1003,1009,1018,1020,1030,1038,1047,1051,1053,1058,1061,1068,1074,1084,1094,1105,1113,1120,1125,1127,1130,1133,1138,1143,1148,1141,1130,1125,1136,1151,1162
"Arizona","State","3br",1226,1218,1228,1232,1238,1247,1252,1254,1254,1254,1253,1258,1262,1265,1272,1280,1291,1294,1307,1317,1328,1334,1336,1342,1346,1354,1363,1375,1388,1401,1412,1421,1426,1430,1433,1438,1444,1450,1456,1447,1434,1427,1441,1460,1474
"Arizona","State","4br",1440,1431,1442,1447,1454,1465,1471,1473,1474,1473,1472,1478,1482,1486,1494,1503,1517,1520,1535,1547,1560,1567,1570,1577,1581,1591,1601,1616,1631,1646,1659,1670,1676,1679,1683,1689,1696,1703,1710,1700,1684,1677,1692,1715,1731
"Arkansas","State","Studio",544,546,547,547,546,543,537,532,529,527,526,524,527,531,539,544,547,548,549,550,547,543,539,542,544,547,550,551,553,557,560,561,558,555,552,550,551,551,553,554,558,563,567,568,569
"Arkansas","State","1br",571,573,574,574,573,570,563,559,555,553,552,550,553,557,566,570,574,575,576,577,574,569,566,568,571,574,577,579,581,584,588,589,586,582,579,577,578,578,580,581,586,591,595,596,597
"Arkansas","State","2br",726,728,729,730,728,724,716,710,705,703,702,699,702,708,719,725,729,731,732,734,729,724,719,722,726,730,733,735,738,743,747,748,745,740,736,734,735,735,737,738,744,751,757,757,759
"Arkansas","State","3br",894,897,898,899,897,892,882,874,868,866,864,861,865,872,886,893,898,900,902,904,898,891,885,889,894,899,903,906,909,915,920,921,917,911,906,903,905,905,907,909,917,925,932,933,934
"Arkansas","State","4br",1071,1074,1076,1077,1075,1069,1056,1048,1040,1037,1036,1032,1036,1045,1061,1070,1076,1079,1081,1083,1076,1068,1061,1066,1071,1077,1082,1085,1089,1096,1103,1104,1099,1092,1086,1083,1085,1084,1087,1089,1099,1109,1117,1118,1120
"California","State","Studio",1251,1261,1265,1265,1275,1285,1292,1293,1293,1282,1276,1271,1274,1279,1290,1301,1312,1322,1331,1337,1336,1331,1323,1319,1319,1323,1328,1336,1345,1353,1358,1361,1359,1352,1345,1339,1341,1347,1353,1345,1331,1319,1315,1309,1297
"California","State","1br",1415,1426,1431,1430,1442,1453,1461,1462,1461,1450,1443,1437,1440,1446,1458,1471,1483,1495,1504,1512,1511,1504,1495,1491,1491,1495,1502,1511,1520,1529,1536,1539,1536,1529,1520,1514,1516,1523,1530,1521,1505,1491,1487,1479,1466
"California","State","2br",1719,1733,1738,1738,1752,1765,1775,1777,1776,1761,1753,1746,1750,1757,1771,1787,1802,1816,1828,1837,1836,1828,1817,1812,1812,1817,1825,1836,1847,1858,1866,1869,1867,1858,1847,1839,1842,1851,1859,1848,1829,1811,1807,1798,1782
"California","State","3br",2023,2039,2046,2046,2062,2078,2089,2091,2090,2073,2063,2054,2060,2068,2085,2103,2121,2138,2151,2162,2161,2151,2138,2132,2132,2138,2148,2161,2174,2187,2196,2200,2197,2186,2174,2165,2168,2178,2188,2175,2152,2132,2127,2116,2097
"California","State","4br",2399,2418,2425,2425,2444,2463,2477,2479,2477,2458,2446,2436,2442,2452,2472,2493,2515,2534,2550,2563,2561,2550,2535,2528,2528,2535,2546,2562,2577,2593,2603,2609,2604,2592,2577,2567,2571,2583,2594,2578,2552,2527,2521,2508,2486
"Colorado","State","Studio",973,976,991,994,1013,1025,1032,1031,1026,1018,1006,998,996,1001,1012,1026,1038,1047,1054,1059,1055,1049,1042,1042,1041,1044,1049,1057,1068,1078,1086,1087,1081,1074,1065,1060,1058,1061,1068,1065,1061,1055,1058,1060,1060
"Colorado","State","1br",1078,1082,1099,1102,1123,1136,1145,1143,1138,1128,1115,1107,1105,1110,1122,1138,1151,1160,1168,1174,1170,1163,1155,1155,1155,1158,1163,1172,1184,1196,1204,1205,1199,1191,1181,1175,1174,1177,1184,1181,1176,1170,1173,1176,1176
"Colorado","State","2br",1279,1283,1304,1308,1333,1348,1358,1356,1350,1339,1323,1313,1310,1316,1332,1350,1366,1377,1386,1393,1388,1380,1371,1370,1370,1374,1380,1390,1405,1419,1428,1430,1422,1413,1401,1394,1392,1396,1405,1401,1396,1388,1392,1395,1395
"Colorado","State","3br",1537,1541,1566,1571,1601,1619,1631,1629,1622,1608,1589,1577,1574,1581,1599,1621,1640,1653,1665,1672,1667,1657,1646,1646,1645,1650,1658,1670,1688,1704,1716,1718,1708,1697,1683,1674,1672,1677,1687,1683,1676,1667,1671,1676,1675
"Colorado","State","4br",1848,1854,1884,1889,1925,1947,1962,1959,1950,1933,1911,1896,1893,1901,1923,1950,1972,1988,2002,2011,2005,1993,1980,1979,1979,1984,1993,2008,2029,2049,2063,2065,2054,2041,2023,2014,2011,2017,2029,2023,2015,2004,2010,2015,2015
"Connecticut","State","Studio",831,841,846,855,860,866,865,865,860,857,853,851,845,849,859,869,877,884,889,894,891,888,879,874,870,871,877,885,895,901,906,904,904,896,888,878,874,878,885,890,889,889,890,898,901
"Connecticut","State","1br",1006,1017,1024,1034,1041,1047,1047,1047,1041,1038,1032,1030,1023,1028,1039,1052,1062,1070,1076,1082,1078,1074,1063,1057,1052,1054,1061,1071,1083,1090,1096,1094,1093,1084,1074,1062,1058,1062,1071,1077,1076,1076,1077,1087,1091
"Connecticut","State","2br",1277,1291,1300,1313,1321,1330,1330,1330,1321,1317,1310,1308,1299,1304,1320,1335,1348,1359,1366,1374,1368,1364,1350,1342,1336,1338,1347,1360,1375,1384,1391,1388,1388,1376,1364,1348,1343,1348,1359,1367,1366,1366,1367,1380,1384
"Connecticut","State","3br",1469,1485,1495,1510,1519,1529,1529,1529,1519,1515,1507,1504,1494,1500,1518,1535,1550,1562,1571,1580,1573,1569,1552,1544,1537,1539,1549,1564,1581,1591,1600,1597,1596,1583,1568,1551,1545,1551,1563,1572,1571,1571,1573,1587,1592
"Connecticut","State","4br",1808,1828,1840,1858,1870,1882,1882,1882,1870,1865,1854,1851,1838,1846,1868,1890,1908,1923,1933,1945,1936,1930,1910,1900,1891,1894,1906,1925,1946,1958,1969,1965,1965,1948,1930,1909,1901,1908,1924,1935,1934,1933,1935,1953,1960
"Delaware","State","Studio",,,872,,912,920,909,907,908,915,919,910,905,903,914,924,928,931,938,950,971,973,972,953,950,946,950,957,968,983,992,1001,995,989,976,974,978,982,992,992,1005,1012,1037,1049,1054
"Delaware","State","1br",,,910,,952,960,949,947,947,955,959,950,945,942,954,965,969,972,979,991,1013,1016,1014,994,991,987,992,999,1011,1026,1036,1045,1039,1032,1018,1017,1020,1025,1036,1035,1049,1056,1082,1095,1099
"Delaware","State","2br",,,1124,,1175,1185,1171,1169,1170,1180,1184,1173,1166,1163,1178,1191,1196,1200,1209,1224,1251,1254,1252,1228,1224,1219,1225,1233,1248,1267,1279,1290,1283,1274,1257,1255,1260,1265,1279,1278,1295,1304,1336,1352,1358
"Delaware","State","3br",,,1338,,1399,1411,1394,1391,1392,1404,1409,1396,1388,1385,1402,1418,1424,1428,1439,1457,1489,1493,1490,1461,1456,1451,1458,1468,1485,1507,1522,1536,1527,1516,1496,1494,1500,1506,1522,1521,1541,1552,1590,1609,1616
"Delaware","State","4br",,,1500,,1569,1582,1563,1560,1561,1574,1580,1565,1557,1553,1572,1590,1597,1601,1613,1634,1670,1674,1671,1639,1633,1627,1634,1646,1665,1690,1707,1722,1712,1700,1678,1675,1682,1688,1707,1706,1728,1741,1783,1804,1812
"District of Columbia","State","Studio",1812,1816,1816,1827,1834,1848,1858,1862,1855,1837,1815,1799,1798,1802,1816,1826,1848,1869,1891,1901,1894,1874,1846,1832,1830,1838,1852,1867,1886,1901,1912,1918,1920,1912,1892,1873,1869,1878,1893,1884,1866,1839,1820,1788,1740
"District of Columbia","State","1br",1755,1760,1759,1770,1778,1791,1801,1804,1798,1780,1759,1743,1742,1746,1760,1769,1791,1811,1832,1842,1835,1816,1789,1775,1773,1781,1795,1809,1827,1842,1853,1859,1860,1853,1834,1815,1811,1820,1834,1826,1808,1782,1763,1733,1686
"District of Columbia","State","2br",1775,1779,1779,1790,1797,1811,1821,1824,1818,1800,1778,1763,1762,1766,1779,1789,1811,1831,1853,1863,1855,1836,1809,1795,1793,1801,1815,1829,1848,1863,1873,1879,1881,1873,1854,1835,1831,1840,1854,1846,1828,1802,1783,1752,1705
"District of Columbia","State","3br",2120,2125,2124,2138,2147,2162,2174,2178,2171,2150,2124,2105,2104,2109,2125,2137,2163,2187,2213,2225,2216,2193,2160,2144,2141,2150,2167,2185,2207,2225,2237,2244,2247,2238,2214,2191,2187,2198,2215,2205,2183,2152,2129,2093,2036
"District of Columbia","State","4br",2870,2877,2876,2894,2906,2927,2944,2949,2939,2910,2875,2850,2848,2855,2877,2892,2928,2960,2995,3012,3000,2968,2925,2902,2898,2911,2934,2958,2987,3012,3029,3038,3041,3029,2998,2966,2960,2975,2998,2985,2956,2913,2883,2833,2757
"Florida","State","Studio",943,945,943,943,949,954,959,962,964,963,964,966,966,968,973,981,990,995,1001,1004,1005,1003,1000,999,999,1001,1005,1010,1015,1020,1024,1026,1024,1021,1017,1017,1018,1021,1024,1016,1005,998,1003,1009,1011
"Florida","State","1br",1015,1017,1016,1015,1022,1027,1033,1036,1038,1037,1038,1040,1040,1042,1048,1057,1066,1072,1078,1082,1082,1080,1077,1076,1076,1078,1082,1088,1093,1098,1102,1105,1102,1100,1095,1095,1096,1100,1103,1094,1082,1075,1080,1087,1089
"Florida","State","2br",1221,1224,1222,1222,1229,1236,1243,1246,1249,1248,1249,1251,1251,1254,1261,1271,1282,1289,1297,1301,1302,1300,1295,1295,1295,1297,1302,1309,1316,1321,1326,1329,1327,1323,1318,1317,1319,1323,1327,1317,1302,1293,1299,1308,1310
"Florida","State","3br",1430,1433,1431,1430,1439,1447,1455,1459,1462,1461,1462,1465,1465,1468,1477,1488,1501,1509,1518,1524,1524,1521,1517,1516,1516,1518,1524,1532,1540,1547,1553,1556,1553,1549,1543,1542,1544,1549,1554,1542,1525,1514,1521,1531,1533
"Florida","State","4br",1760,1764,1762,1761,1771,1782,1791,1796,1799,1799,1800,1803,1803,1807,1818,1832,1848,1858,1869,1876,1876,1873,1867,1866,1866,1869,1876,1886,1896,1904,1911,1915,1912,1907,1900,1898,1901,1907,1913,1898,1877,1864,1872,1885,1888
"Georgia","State","Studio",797,797,802,805,812,818,823,822,822,820,817,814,814,816,822,829,837,844,850,856,858,856,852,849,849,852,856,861,865,869,875,879,879,874,869,866,866,869,871,865,858,855,862,872,879
"Georgia","State","1br",868,868,874,878,885,892,897,897,895,893,891,888,888,890,896,904,913,920,927,933,936,934,928,925,925,929,933,938,943,947,954,958,958,953,947,944,944,947,949,943,935,932,939,950,958
"Georgia","State","2br",926,926,931,936,943,951,956,956,955,952,950,946,946,949,956,963,973,980,988,994,997,995,990,987,986,990,995,1000,1005,1010,1017,1022,1022,1016,1010,1006,1006,1009,1012,1005,997,993,1001,1013,1022
"Georgia","State","3br",1078,1078,1085,1090,1099,1107,1114,1113,1112,1109,1106,1102,1102,1105,1113,1122,1133,1142,1151,1158,1162,1159,1153,1149,1149,1153,1159,1165,1170,1176,1184,1190,1190,1183,1176,1172,1172,1176,1179,1171,1162,1157,1166,1180,1190
"Georgia","State","4br",1377,1377,1386,1392,1404,1414,1423,1422,1420,1417,1413,1408,1408,1411,1422,1433,1448,1459,1470,1479,1484,1481,1473,1468,1468,1473,1480,1488,1495,1503,1513,1520,1520,1512,1502,1497,1497,1502,1506,1496,1484,1478,1490,1507,1520
"Hawaii","State","Studio",1151,1118,1137,1148,1150,1163,1194,1212,1217,1219,1235,1214,1227,1238,1271,1278,1275,1296,1298,1317,1336,1356,1342,1321,1303,1300,1301,1305,1299,1284,1269,1279,1287,1301,1300,1307,1296,1289,1272,1263,1250,1247,1257,1266,1271
"Hawaii","State","1br",1281,1243,1265,1277,1279,1294,1328,1349,1354,1356,1373,1350,1365,1376,1413,1421,1418,1441,1444,1465,1485,1508,1493,1469,1449,1446,1447,1451,1444,1428,1412,1422,1431,1447,1446,1454,1441,1434,1415,1405,1390,1387,1398,1408,1413
"Hawaii","State","2br",1714,1664,1692,1709,1712,1732,1777,1805,1812,1815,1838,1807,1827,1842,1892,1902,1898,1929,1932,1961,1988,2019,1998,1967,1939,1935,1937,1942,1933,1911,1889,1904,1916,1936,1936,1945,1929,1919,1894,1880,1860,1856,1871,1884,1891
"Hawaii","State","3br",2365,2295,2335,2358,2362,2389,2452,2490,2500,2504,2535,2493,2520,2542,2610,2624,2618,2661,2666,2706,2743,2785,2757,2713,2675,2669,2672,2680,2667,2636,2606,2626,2643,2671,2670,2684,2662,2647,2613,2594,2567,2561,2581,2599,2609
"Hawaii","State","4br",2836,2753,2800,2828,2833,2865,2941,2986,2999,3003,3041,2990,3023,3048,3130,3148,3140,3192,3197,3245,3290,3340,3306,3254,3208,3202,3204,3214,3199,3162,3126,3150,3170,3204,3203,3219,3192,3175,3134,3111,3078,3071,3095,3118,3130
"Idaho","State","Studio",523,521,526,533,546,554,559,561,559,555,549,550,554,566,575,585,593,602,610,613,605,597,587,585,588,590,597,604,618,627,631,630,625,618,610,608,608,615,619,620,620,625,637,650,657
"Idaho","State","1br",544,541,547,554,568,576,581,583,581,576,571,572,576,588,598,608,616,626,634,637,629,621,611,608,611,613,620,628,642,652,656,655,650,643,634,632,632,640,643,644,644,650,662,676,683
"Idaho","State","2br",694,691,698,708,725,735,742,744,742,736,729,730,735,751,763,777,786,799,809,813,804,792,780,777,780,783,792,801,820,832,838,836,830,820,809,806,806,817,821,822,822,829,846,862,872
"Idaho","State","3br",909,904,914,926,948,962,971,974,971,963,954,955,962,983,999,1016,1029,1046,1059,1064,1052,1037,1020,1016,1021,1025,1036,1048,1073,1089,1097,1094,1086,1073,1059,1055,1055,1069,1075,1076,1076,1085,1107,1129,1141
"Idaho","State","4br",1030,1025,1036,1050,1075,1091,1101,1104,1101,1092,1081,1083,1091,1114,1133,1152,1167,1186,1200,1207,1192,1175,1157,1152,1157,1162,1175,1189,1217,1234,1243,1240,1231,1217,1200,1196,1197,1212,1218,1220,1220,1230,1255,1280,1294
"Illinois","State","Studio",824,833,842,853,858,862,863,858,854,846,844,840,842,843,848,854,860,866,871,874,871,864,855,851,853,857,863,871,881,887,890,888,884,880,873,868,868,873,882,884,882,875,872,870,864
"Illinois","State","1br",867,877,886,897,902,907,907,902,898,890,888,884,885,887,893,898,905,911,917,920,917,909,899,895,897,901,908,916,926,933,937,934,930,925,918,913,913,918,927,929,928,921,917,915,909
"Illinois","State","2br",1011,1022,1032,1046,1052,1057,1058,1052,1047,1037,1035,1030,1032,1034,1040,1047,1055,1062,1069,1072,1068,1059,1048,1044,1046,1050,1058,1067,1080,1088,1092,1089,1084,1078,1070,1064,1064,1070,1081,1083,1081,1073,1069,1067,1060
"Illinois","State","3br",1184,1197,1209,1225,1232,1239,1239,1232,1227,1215,1213,1207,1209,1211,1219,1227,1236,1243,1252,1256,1252,1241,1228,1223,1225,1231,1239,1250,1265,1274,1279,1276,1270,1263,1254,1247,1247,1254,1266,1269,1267,1257,1253,1250,1241
"Illinois","State","4br",1404,1419,1434,1452,1461,1469,1469,1461,1455,1441,1438,1431,1434,1436,1445,1455,1465,1475,1484,1489,1484,1472,1456,1450,1453,1459,1470,1483,1500,1511,1517,1513,1506,1498,1487,1479,1479,1487,1502,1505,1502,1491,1485,1482,1472
"Indiana","State","Studio",615,606,606,603,608,613,616,616,614,612,613,613,612,611,618,623,629,631,636,639,638,636,633,633,634,637,639,644,650,656,659,658,657,654,653,654,656,659,660,661,662,667,672,677,680
"Indiana","State","1br",659,650,650,646,652,657,661,660,658,656,657,657,657,656,663,669,675,677,682,685,685,682,679,679,680,683,686,691,697,704,707,706,704,702,700,701,704,707,708,709,710,715,720,726,730
"Indiana","State","2br",824,812,812,807,814,820,826,825,822,820,821,821,820,819,828,835,843,845,852,856,855,852,848,848,849,853,856,863,871,879,883,882,879,876,874,875,879,883,884,885,887,893,900,907,911
"Indiana","State","3br",967,954,953,948,956,964,970,969,966,963,964,964,963,962,973,981,990,993,1001,1005,1005,1001,996,997,997,1002,1006,1013,1023,1032,1037,1036,1033,1030,1027,1028,1032,1037,1039,1040,1042,1049,1057,1065,1070
"Indiana","State","4br",1097,1082,1081,1075,1084,1093,1100,1099,1095,1092,1093,1094,1093,1091,1103,1112,1123,1126,1135,1140,1139,1135,1130,1130,1131,1136,1141,1149,1160,1171,1176,1175,1171,1168,1165,1166,1171,1176,1178,1179,1182,1189,1198,1208,1214
"Iowa","State","Studio",614,615,616,621,622,627,626,622,616,613,614,611,607,605,611,616,622,621,624,624,621,617,610,610,609,611,612,616,621,624,624,623,623,622,622,619,618,618,620,620,620,620,623,624,625
"Iowa","State","1br",639,640,641,646,647,652,652,647,641,638,638,636,632,629,636,641,647,646,649,649,646,642,635,635,634,636,637,641,646,649,649,648,648,647,647,644,643,642,645,645,644,645,648,649,650
"Iowa","State","2br",841,842,843,850,851,858,857,851,843,839,840,836,831,828,837,843,852,850,854,854,850,844,835,835,834,837,838,843,849,854,854,853,852,851,851,847,845,845,848,848,848,848,853,854,856
"Iowa","State","3br",1009,1010,1011,1020,1022,1029,1029,1022,1012,1007,1008,1004,997,994,1004,1012,1022,1021,1025,1025,1020,1014,1002,1002,1001,1004,1006,1012,1019,1025,1025,1023,1023,1022,1021,1016,1015,1014,1018,1018,1018,1018,1024,1025,1027
"Iowa","State","4br",1049,1050,1051,1060,1062,1070,1069,1062,1052,1046,1047,1043,1037,1033,1044,1051,1062,1061,1065,1066,1060,1053,1042,1041,1040,1043,1045,1052,1059,1066,1065,1064,1063,1062,1061,1056,1055,1054,1058,1058,1058,1058,1064,1066,1067
"Kansas","State","Studio",630,630,627,632,638,647,650,647,646,644,644,644,643,643,648,653,660,664,667,668,663,658,651,650,653,657,662,666,669,674,677,678,675,672,668,668,669,672,676,677,678,678,681,687,690
"Kansas","State","1br",637,637,634,639,645,654,657,654,653,651,651,651,650,650,655,660,668,671,675,676,670,665,659,657,660,664,670,673,677,681,684,685,682,679,676,675,677,679,683,684,685,686,689,694,697
"Kansas","State","2br",808,808,805,811,819,830,834,830,829,826,826,826,825,825,831,837,847,852,856,858,851,844,836,834,838,843,850,854,859,865,868,870,866,862,858,857,859,862,867,868,870,870,874,881,885
"Kansas","State","3br",972,972,968,976,985,998,1003,998,996,993,994,993,992,993,1000,1007,1019,1024,1030,1031,1023,1014,1005,1003,1008,1013,1022,1027,1033,1040,1044,1046,1041,1037,1031,1030,1033,1037,1043,1044,1046,1046,1051,1059,1064
"Kansas","State","4br",1149,1148,1143,1153,1164,1179,1185,1179,1177,1174,1174,1173,1172,1173,1181,1190,1204,1210,1217,1218,1209,1198,1187,1184,1191,1197,1207,1213,1220,1228,1233,1236,1230,1225,1218,1217,1220,1225,1232,1234,1235,1236,1242,1251,1258
"Kentucky","State","Studio",565,569,576,584,589,591,589,586,583,576,573,571,572,577,582,586,586,588,594,596,596,595,592,591,591,594,599,602,605,606,609,611,609,604,598,597,599,602,604,605,607,611,614,616,616
"Kentucky","State","1br",630,635,643,652,657,659,657,654,650,643,639,637,638,644,649,654,654,657,663,665,665,664,661,660,659,663,668,672,675,677,680,681,679,674,668,666,668,672,674,676,678,682,685,687,687
"Kentucky","State","2br",784,789,800,810,817,820,817,813,808,800,795,792,793,800,807,814,813,817,824,828,827,825,821,820,820,825,831,835,840,841,846,847,845,838,830,828,831,836,838,840,843,848,852,854,854
"Kentucky","State","3br",949,956,969,981,990,993,989,985,979,968,963,960,961,969,977,985,985,989,998,1002,1002,1000,995,994,993,999,1006,1012,1017,1019,1024,1026,1023,1015,1005,1003,1006,1012,1015,1017,1021,1027,1031,1035,1035
"Kentucky","State","4br",1124,1132,1147,1162,1172,1176,1172,1166,1160,1147,1140,1137,1138,1148,1158,1167,1167,1171,1182,1187,1187,1184,1178,1177,1176,1183,1192,1198,1205,1207,1213,1215,1211,1202,1191,1187,1191,1199,1203,1205,1209,1217,1221,1225,1226
"Louisiana","State","Studio",669,672,671,675,678,680,677,674,672,669,666,662,664,663,663,659,666,669,669,664,658,652,647,646,645,643,644,646,649,651,653,653,651,646,641,638,637,636,634,634,636,639,640,642,645
"Louisiana","State","1br",766,769,768,772,776,779,774,772,769,766,762,758,760,758,758,754,762,766,765,760,753,747,741,739,738,736,737,739,743,745,747,747,745,740,733,730,729,728,726,725,728,731,733,735,738
"Louisiana","State","2br",894,897,896,901,906,908,903,900,897,894,888,884,886,885,885,880,889,894,893,887,878,871,864,862,861,859,860,863,867,869,871,871,869,863,855,852,850,849,847,846,849,853,855,857,861
"Louisiana","State","3br",1026,1030,1029,1034,1040,1043,1037,1034,1030,1026,1021,1015,1018,1016,1016,1010,1021,1026,1025,1018,1009,1000,993,990,989,986,988,991,996,998,1001,1001,998,991,982,979,977,975,973,972,976,980,982,984,989
"Louisiana","State","4br",1224,1228,1227,1234,1240,1244,1237,1233,1228,1224,1217,1211,1214,1212,1212,1205,1217,1224,1223,1215,1203,1193,1184,1181,1180,1176,1178,1182,1188,1190,1194,1194,1190,1182,1171,1167,1165,1163,1160,1159,1163,1168,1171,1174,1180
"Maine","State","Studio",,,,,685,,,,,,,,,693,682,689,706,709,726,,738,732,,729,729,729,740,750,761,769,769,769,766,756,757,752,764,758,758,760,759,768,771,784,794
"Maine","State","1br",,,,,723,,,,,,,,,732,720,727,745,748,767,,779,773,,770,770,769,781,792,804,812,811,811,809,798,800,794,807,801,800,802,801,811,814,828,838
"Maine","State","2br",,,,,978,,,,,,,,,989,973,983,1007,1011,1036,,1053,1045,,1040,1041,1040,1056,1070,1086,1097,1097,1097,1093,1079,1080,1073,1091,1082,1081,1084,1083,1096,1101,1119,1132
"Maine","State","3br",,,,,1114,,,,,,,,,1127,1108,1120,1148,1153,1181,,1200,1191,,1185,1186,1185,1203,1219,1238,1250,1249,1250,1245,1229,1231,1222,1243,1233,1232,1235,1234,1249,1254,1275,1290
"Maine","State","4br",,,,,1265,,,,,,,,,1279,1258,1272,1303,1308,1341,,1362,1351,,1345,1346,1345,1366,1384,1405,1419,1418,1418,1414,1396,1398,1387,1411,1400,1399,1402,1401,1418,1424,1447,1465
"Maryland","State","Studio",1046,1054,1061,1065,1071,1074,1076,1075,1071,1065,1057,1053,1051,1053,1063,1072,1082,1087,1091,1092,1091,1089,1087,1085,1084,1086,1092,1100,1110,1118,1122,1122,1119,1114,1108,1104,1102,1105,1110,1108,1107,1107,1113,1117,1119
"Maryland","State","1br",1172,1181,1189,1194,1201,1204,1206,1205,1200,1193,1185,1180,1178,1180,1191,1202,1213,1219,1223,1225,1223,1221,1218,1216,1215,1217,1224,1233,1245,1253,1258,1258,1254,1249,1242,1237,1235,1238,1244,1242,1241,1241,1248,1253,1254
"Maryland","State","2br",1434,1445,1455,1461,1469,1474,1476,1475,1469,1460,1450,1444,1441,1444,1457,1471,1484,1491,1497,1498,1497,1494,1490,1488,1487,1490,1498,1509,1523,1533,1539,1539,1534,1529,1520,1514,1511,1515,1523,1520,1518,1518,1527,1533,1535
"Maryland","State","3br",1682,1695,1707,1714,1723,1728,1731,1730,1722,1712,1701,1693,1690,1694,1709,1725,1740,1749,1755,1757,1755,1752,1748,1745,1744,1747,1757,1770,1786,1798,1805,1805,1799,1792,1783,1775,1772,1777,1786,1782,1780,1780,1790,1797,1799
"Maryland","State","4br",2019,2035,2049,2057,2069,2075,2079,2077,2068,2056,2042,2033,2029,2033,2052,2071,2089,2099,2107,2110,2107,2103,2098,2095,2094,2097,2110,2125,2144,2159,2167,2167,2160,2152,2140,2131,2127,2133,2144,2140,2137,2138,2150,2158,2160
"Massachusetts","State","Studio",1125,1133,1145,1157,1173,1181,1184,1181,1173,1151,1135,1131,1130,1136,1142,1159,1175,1190,1201,1205,1200,1190,1177,1171,1168,1172,1180,1196,1215,1235,1248,1250,1241,1227,1209,1199,1194,1199,1208,1206,1197,1187,1179,1173,1153
"Massachusetts","State","1br",1208,1216,1228,1242,1259,1267,1271,1268,1259,1235,1218,1214,1213,1219,1226,1243,1261,1277,1289,1294,1288,1277,1264,1257,1253,1257,1266,1284,1304,1325,1340,1341,1332,1317,1298,1287,1282,1287,1296,1294,1285,1273,1266,1259,1237
"Massachusetts","State","2br",1611,1622,1639,1657,1680,1691,1695,1691,1679,1648,1624,1620,1618,1627,1635,1659,1683,1704,1719,1726,1718,1704,1686,1676,1672,1677,1689,1712,1740,1768,1787,1789,1777,1757,1731,1717,1710,1717,1729,1726,1714,1699,1688,1679,1651
"Massachusetts","State","3br",1697,1709,1726,1746,1770,1781,1786,1781,1769,1736,1711,1706,1705,1713,1723,1747,1773,1795,1811,1818,1810,1795,1776,1766,1761,1767,1780,1804,1833,1862,1882,1885,1872,1851,1824,1808,1801,1808,1821,1819,1806,1790,1779,1769,1739
"Massachusetts","State","4br",2007,2021,2041,2064,2093,2106,2112,2107,2092,2053,2024,2018,2016,2026,2037,2067,2096,2123,2142,2150,2140,2123,2100,2088,2083,2090,2104,2133,2168,2202,2226,2229,2214,2189,2157,2138,2130,2139,2154,2151,2135,2116,2103,2092,2057
"Michigan","State","Studio",667,672,671,673,674,681,685,689,690,690,683,676,674,677,684,692,699,706,711,717,718,714,708,701,700,703,709,715,722,729,734,736,735,732,726,722,720,723,727,727,727,729,735,740,742
"Michigan","State","1br",688,693,692,693,694,702,706,710,711,711,704,697,694,698,705,713,720,727,733,739,740,736,730,722,722,724,730,737,745,751,757,758,758,754,749,745,742,745,749,750,749,752,757,762,765
"Michigan","State","2br",887,893,893,895,896,906,911,916,918,917,908,899,896,900,910,920,929,938,945,953,955,950,941,932,931,934,942,950,961,969,976,978,978,973,966,961,957,961,966,967,967,970,977,983,987
"Michigan","State","3br",1040,1047,1046,1048,1050,1061,1068,1073,1075,1075,1064,1053,1050,1055,1066,1078,1089,1100,1108,1117,1119,1113,1103,1092,1091,1095,1104,1114,1126,1135,1144,1146,1146,1141,1132,1126,1122,1127,1132,1133,1133,1136,1145,1153,1157
"Michigan","State","4br",1150,1158,1157,1160,1161,1174,1181,1188,1190,1189,1177,1165,1161,1167,1179,1193,1205,1217,1226,1236,1238,1231,1220,1208,1207,1211,1221,1232,1246,1256,1265,1268,1268,1262,1252,1245,1241,1246,1253,1254,1253,1257,1267,1275,1280
"Minnesota","State","Studio",752,750,758,767,777,781,783,782,781,777,774,775,777,781,787,795,802,806,808,808,805,802,798,798,800,803,810,818,826,831,833,833,831,827,822,818,821,826,832,831,827,822,821,819,816
"Minnesota","State","1br",835,833,842,852,863,867,870,869,867,863,860,861,863,868,875,883,891,896,898,898,894,890,886,886,889,892,900,908,918,923,925,925,923,918,914,909,912,917,925,923,919,913,912,910,907
"Minnesota","State","2br",1023,1021,1032,1044,1057,1063,1066,1065,1063,1058,1054,1055,1058,1063,1072,1081,1092,1098,1100,1100,1096,1091,1086,1086,1089,1094,1102,1113,1124,1131,1134,1133,1131,1125,1119,1114,1117,1124,1133,1131,1126,1119,1118,1115,1111
"Minnesota","State","3br",1240,1238,1250,1266,1281,1288,1292,1290,1288,1282,1278,1278,1282,1289,1299,1311,1323,1330,1334,1334,1328,1322,1316,1317,1320,1325,1336,1349,1363,1371,1374,1374,1370,1364,1357,1350,1354,1362,1373,1371,1364,1357,1355,1352,1347
"Minnesota","State","4br",1492,1489,1504,1523,1542,1550,1554,1553,1549,1543,1537,1538,1543,1551,1563,1577,1592,1601,1605,1605,1598,1591,1584,1584,1588,1595,1608,1623,1640,1650,1653,1653,1649,1641,1633,1624,1630,1639,1652,1649,1642,1632,1630,1626,1621
"Mississippi","State","Studio",591,595,602,603,603,600,601,601,597,597,599,607,610,612,611,614,618,619,619,618,616,616,618,620,619,620,621,624,627,628,629,630,631,632,632,631,630,632,635,635,637,641,650,656,660
"Mississippi","State","1br",625,628,636,637,637,633,635,634,631,630,632,641,644,646,645,649,653,654,654,652,651,651,652,655,654,655,656,660,662,663,665,665,667,668,667,666,666,667,670,670,673,677,687,693,697
"Mississippi","State","2br",759,764,772,773,774,770,771,771,766,766,768,779,783,785,784,788,793,794,795,793,790,791,793,796,795,795,798,801,805,806,808,809,810,811,811,810,809,811,814,815,818,822,835,842,847
"Mississippi","State","3br",904,909,920,921,921,916,918,918,912,912,915,928,932,935,933,938,944,945,947,944,941,942,944,947,946,947,950,954,958,960,962,963,965,966,965,964,963,966,970,970,974,979,994,1003,1008
"Mississippi","State","4br",1061,1067,1080,1081,1081,1076,1078,1077,1071,1070,1074,1089,1094,1097,1096,1101,1109,1110,1111,1108,1105,1106,1108,1112,1111,1112,1115,1120,1125,1127,1129,1130,1132,1134,1133,1132,1131,1133,1138,1139,1143,1149,1167,1177,1184
"Missouri","State","Studio",642,639,646,648,652,649,651,652,651,652,656,655,656,652,657,658,662,664,669,669,668,669,668,666,664,665,669,674,678,683,685,687,684,684,681,680,679,684,687,689,690,691,695,697,697
"Missouri","State","1br",672,669,676,679,683,680,681,682,682,683,687,686,687,683,688,689,694,696,700,701,700,701,700,698,696,697,701,706,710,715,717,719,717,716,713,713,711,716,720,722,723,724,727,730,729
"Missouri","State","2br",836,833,841,844,849,846,848,849,848,850,855,854,854,850,856,857,863,866,871,872,870,872,870,868,865,867,872,878,884,890,893,894,892,891,887,886,885,891,895,898,899,901,905,908,908
"Missouri","State","3br",1010,1006,1016,1020,1026,1021,1024,1025,1024,1026,1032,1031,1032,1026,1034,1035,1042,1045,1052,1053,1051,1053,1051,1048,1045,1047,1053,1060,1067,1075,1078,1080,1077,1076,1071,1070,1069,1075,1081,1085,1086,1088,1093,1097,1096
"Missouri","State","4br",1182,1176,1188,1193,1200,1195,1197,1199,1198,1200,1207,1206,1207,1200,1209,1210,1219,1223,1230,1231,1230,1232,1229,1226,1222,1224,1232,1240,1248,1257,1261,1263,1260,1259,1253,1252,1250,1258,1265,1269,1270,1273,1278,1283,1282
"Montana","State","Studio",618,619,623,628,635,638,639,638,637,634,636,636,635,634,635,640,644,647,650,649,650,648,642,642,641,643,642,651,659,666,666,663,659,654,652,659,658,662,658,663,670,679,686,695,702
"Montana","State","1br",641,642,646,651,659,662,663,662,661,658,660,660,659,658,659,664,668,671,674,673,675,672,667,666,665,668,666,676,684,691,691,688,683,678,677,684,683,687,683,688,695,704,712,722,729
"Montana","State","2br",847,848,854,860,870,874,875,874,873,869,872,872,871,868,870,877,882,886,890,889,891,888,881,880,878,882,880,893,903,912,913,908,903,896,894,903,901,908,901,908,918,930,940,953,962
"Montana","State","3br",1026,1028,1034,1042,1054,1059,1060,1059,1058,1053,1056,1057,1055,1052,1054,1062,1069,1074,1079,1077,1080,1076,1067,1066,1064,1068,1066,1082,1094,1105,1106,1101,1093,1085,1083,1094,1092,1100,1092,1101,1112,1127,1139,1155,1166
"Montana","State","4br",1180,1182,1189,1198,1212,1217,1219,1218,1217,1211,1214,1215,1213,1210,1212,1221,1229,1234,1240,1239,1242,1237,1227,1226,1224,1228,1225,1244,1258,1271,1272,1265,1257,1248,1246,1258,1256,1264,1256,1265,1278,1296,1310,1328,1341
"Nebraska","State","Studio",646,650,655,656,659,668,674,672,665,661,659,658,656,657,660,668,674,677,679,678,678,676,675,675,675,678,681,687,693,698,697,695,692,692,692,693,694,699,701,703,705,708,712,713,712
"Nebraska","State","1br",687,691,696,698,701,710,716,715,708,702,701,700,697,698,702,711,717,720,722,721,721,719,718,717,718,721,724,731,737,743,741,739,736,736,736,737,738,743,746,748,750,753,757,758,757
"Nebraska","State","2br",836,841,847,849,853,864,871,869,861,855,852,851,848,850,854,865,872,876,879,877,877,874,874,873,873,877,881,889,897,903,902,899,896,896,895,896,898,904,907,910,912,916,921,922,921
"Nebraska","State","3br",1012,1018,1026,1028,1033,1046,1055,1053,1042,1035,1032,1031,1027,1029,1035,1047,1056,1060,1064,1063,1063,1059,1058,1057,1058,1062,1067,1077,1086,1094,1092,1089,1085,1085,1084,1086,1088,1094,1099,1102,1104,1109,1115,1117,1115
"Nebraska","State","4br",1130,1137,1145,1148,1154,1168,1178,1175,1164,1155,1153,1151,1147,1149,1155,1169,1179,1184,1188,1186,1186,1182,1182,1180,1181,1185,1191,1203,1213,1221,1219,1216,1211,1211,1211,1212,1215,1222,1227,1231,1233,1238,1245,1247,1245
"Nevada","State","Studio",662,665,673,668,673,680,687,691,692,697,698,701,705,709,717,722,729,733,739,744,747,749,749,752,754,757,760,767,776,783,789,790,790,787,787,785,785,786,786,779,772,772,785,801,811
"Nevada","State","1br",793,797,806,800,806,815,822,828,829,835,836,840,844,849,859,865,874,879,885,892,895,897,898,901,903,906,911,919,929,938,945,946,946,943,942,941,941,941,942,933,924,925,941,959,972
"Nevada","State","2br",963,967,978,972,979,990,999,1005,1007,1014,1016,1020,1025,1032,1043,1051,1061,1067,1075,1083,1087,1090,1090,1094,1097,1101,1106,1116,1129,1140,1147,1149,1149,1145,1145,1143,1143,1143,1144,1133,1123,1124,1143,1165,1180
"Nevada","State","3br",1284,1290,1304,1295,1305,1319,1332,1340,1342,1352,1354,1360,1367,1375,1390,1400,1415,1423,1434,1444,1449,1453,1453,1459,1462,1467,1475,1487,1504,1519,1529,1532,1531,1526,1526,1523,1523,1524,1524,1510,1497,1498,1523,1553,1573
"Nevada","State","4br",1555,1563,1580,1569,1582,1599,1613,1624,1627,1638,1641,1648,1656,1666,1685,1697,1714,1724,1737,1749,1756,1760,1761,1767,1772,1778,1787,1802,1823,1841,1853,1856,1855,1849,1849,1846,1846,1846,1847,1830,1814,1815,1846,1882,1906
"New Hampshire","State","Studio",,743,748,759,766,776,776,775,773,768,767,762,764,765,773,783,798,807,814,818,824,822,819,812,813,812,817,826,833,843,844,848,846,848,848,848,846,842,844,845,850,854,859,866,868
"New Hampshire","State","1br",,836,842,854,862,873,873,872,869,864,862,857,860,861,870,881,897,907,915,920,927,924,921,913,915,914,919,929,937,948,949,953,951,953,954,954,952,947,949,950,955,961,966,974,976
"New Hampshire","State","2br",,1123,1131,1148,1158,1173,1173,1171,1168,1161,1158,1151,1155,1157,1169,1183,1205,1219,1230,1237,1245,1242,1238,1227,1229,1228,1235,1249,1259,1273,1275,1281,1278,1281,1281,1282,1279,1273,1276,1276,1284,1291,1298,1309,1311
"New Hampshire","State","3br",,1337,1346,1366,1378,1396,1396,1394,1389,1381,1378,1370,1375,1376,1390,1408,1434,1450,1463,1472,1482,1478,1473,1460,1462,1461,1470,1486,1499,1515,1517,1524,1521,1525,1525,1525,1522,1515,1518,1519,1528,1536,1545,1557,1560
"New Hampshire","State","4br",,1476,1486,1508,1521,1542,1542,1539,1534,1525,1522,1513,1518,1520,1535,1555,1584,1601,1616,1625,1636,1632,1626,1612,1615,1613,1623,1641,1655,1673,1675,1683,1679,1683,1684,1684,1680,1672,1677,1677,1687,1696,1706,1720,1723
"New Jersey","State","Studio",1036,1040,1041,1052,1062,1071,1070,1062,1058,1047,1040,1036,1036,1040,1051,1064,1077,1082,1086,1085,1079,1073,1069,1072,1073,1077,1078,1086,1096,1105,1104,1094,1083,1079,1078,1082,1083,1089,1099,1102,1104,1100,1093,1085,1078
"New Jersey","State","1br",1244,1249,1251,1264,1276,1286,1286,1276,1271,1258,1250,1245,1245,1250,1263,1278,1294,1300,1305,1303,1296,1289,1284,1288,1289,1294,1296,1305,1317,1327,1326,1315,1301,1296,1296,1300,1301,1308,1321,1324,1326,1322,1314,1303,1295
"New Jersey","State","2br",1553,1559,1561,1577,1592,1605,1604,1592,1586,1569,1559,1553,1553,1559,1575,1595,1615,1622,1628,1626,1617,1608,1602,1607,1608,1614,1616,1628,1643,1656,1655,1640,1623,1618,1616,1621,1624,1632,1648,1651,1654,1649,1639,1626,1616
"New Jersey","State","3br",1812,1820,1822,1840,1859,1873,1872,1858,1851,1832,1820,1813,1813,1820,1839,1862,1885,1893,1900,1898,1887,1877,1870,1875,1877,1884,1887,1900,1918,1932,1932,1915,1894,1888,1887,1893,1895,1905,1923,1927,1931,1925,1913,1898,1886
"New Jersey","State","4br",2131,2139,2142,2164,2185,2202,2201,2184,2177,2153,2140,2131,2131,2140,2162,2189,2216,2225,2234,2231,2219,2207,2199,2205,2206,2215,2218,2234,2255,2272,2271,2251,2227,2220,2218,2225,2228,2240,2261,2266,2270,2263,2249,2232,2217
"New Mexico","State","Studio",561,556,555,557,560,564,567,570,570,569,568,568,568,568,570,572,574,577,583,588,593,594,593,591,589,591,594,599,605,614,620,623,625,627,627,625,622,621,622,623,624,624,630,638,646
"New Mexico","State","1br",638,633,632,635,637,643,646,650,649,648,647,647,647,647,649,652,653,657,663,670,675,676,676,673,671,673,676,682,689,699,706,710,712,714,714,712,708,707,709,709,710,711,718,727,735
"New Mexico","State","2br",766,759,758,762,765,771,775,780,778,777,776,777,776,777,779,782,784,788,796,804,810,812,811,807,805,807,811,818,827,839,847,852,855,857,857,854,850,849,851,851,852,853,861,872,882
"New Mexico","State","3br",1000,992,990,994,999,1007,1012,1018,1017,1015,1014,1014,1013,1014,1017,1021,1023,1029,1039,1050,1058,1060,1059,1054,1052,1054,1059,1069,1080,1095,1106,1112,1116,1119,1119,1115,1109,1108,1111,1111,1113,1114,1125,1139,1152
"New Mexico","State","4br",1205,1194,1192,1198,1203,1213,1219,1226,1224,1222,1221,1221,1220,1222,1225,1230,1233,1240,1252,1264,1274,1276,1275,1270,1267,1269,1276,1287,1301,1319,1332,1339,1344,1348,1348,1343,1336,1335,1338,1338,1340,1342,1355,1371,1388
"New York","State","Studio",1289,1307,1312,1310,1311,1323,1331,1333,1337,1331,1324,1305,1295,1292,1302,1315,1333,1351,1369,1377,1374,1363,1351,1343,1338,1337,1345,1355,1371,1387,1399,1401,1393,1384,1377,1378,1378,1376,1377,1376,1371,1357,1344,1322,1300
"New York","State","1br",1334,1352,1358,1356,1357,1369,1377,1380,1383,1378,1370,1351,1340,1337,1347,1360,1379,1398,1417,1425,1421,1410,1398,1389,1384,1383,1392,1402,1419,1435,1447,1449,1442,1432,1425,1426,1426,1424,1425,1424,1418,1404,1390,1368,1345
"New York","State","2br",1389,1408,1414,1412,1413,1425,1434,1436,1440,1434,1426,1406,1395,1392,1402,1416,1436,1455,1475,1483,1480,1468,1455,1446,1441,1440,1449,1459,1477,1494,1507,1509,1501,1491,1483,1485,1484,1482,1483,1482,1477,1461,1447,1424,1401
"New York","State","3br",1535,1556,1563,1561,1562,1576,1585,1588,1592,1585,1577,1554,1542,1538,1550,1566,1587,1609,1631,1640,1636,1623,1609,1599,1593,1592,1602,1613,1633,1652,1665,1668,1659,1648,1640,1641,1641,1639,1640,1638,1632,1616,1600,1574,1548
"New York","State","4br",1611,1633,1640,1638,1639,1654,1664,1667,1671,1664,1655,1631,1619,1615,1627,1643,1666,1688,1711,1721,1717,1703,1689,1678,1672,1671,1681,1693,1714,1733,1748,1751,1742,1730,1721,1722,1722,1720,1721,1719,1713,1696,1679,1652,1625
"North Carolina","State","Studio",807,805,807,813,821,826,829,828,825,824,821,815,809,809,815,822,832,839,846,849,849,846,843,844,846,849,854,859,867,875,881,883,881,877,873,870,868,871,876,874,868,867,873,879,880
"North Carolina","State","1br",798,796,797,804,811,816,819,818,815,814,811,805,800,800,806,812,822,829,836,839,839,836,833,834,836,839,844,849,857,865,871,873,871,867,863,859,857,861,865,863,858,857,863,869,869
"North Carolina","State","2br",877,874,876,883,891,897,900,899,896,895,891,885,878,879,885,892,903,910,918,922,921,918,916,916,919,922,927,933,941,950,957,959,957,952,948,944,942,946,951,949,943,941,948,954,955
"North Carolina","State","3br",1054,1051,1053,1062,1072,1079,1083,1081,1077,1076,1071,1064,1057,1057,1064,1073,1086,1095,1104,1109,1108,1104,1101,1102,1105,1109,1115,1122,1132,1143,1151,1153,1150,1145,1140,1135,1133,1137,1143,1141,1134,1132,1140,1148,1148
"North Carolina","State","4br",1398,1394,1397,1408,1422,1430,1436,1433,1429,1427,1421,1411,1401,1401,1411,1423,1440,1452,1464,1470,1469,1464,1460,1461,1465,1470,1479,1488,1501,1515,1526,1529,1525,1518,1511,1505,1502,1508,1516,1513,1503,1501,1512,1522,1523
"North Dakota","State","Studio",644,642,638,634,630,638,645,650,648,641,636,631,630,631,636,640,647,653,661,665,671,673,675,675,674,666,661,664,677,685,692,692,693,692,690,683,683,689,693,686,673,663,657,652,645
"North Dakota","State","1br",688,687,682,678,674,682,690,695,692,686,681,674,674,674,680,685,692,698,707,712,718,719,722,722,720,712,707,710,724,732,740,740,741,740,737,730,730,737,741,734,720,709,703,697,689
"North Dakota","State","2br",844,842,837,831,826,837,846,853,849,841,834,827,827,827,834,839,849,856,867,873,880,882,885,886,883,873,867,871,888,898,908,907,909,908,904,896,895,904,909,900,882,869,862,854,845
"North Dakota","State","3br",1166,1163,1156,1148,1141,1156,1168,1178,1173,1162,1153,1142,1142,1142,1152,1159,1173,1183,1197,1205,1216,1219,1222,1223,1220,1206,1198,1203,1227,1240,1254,1253,1256,1254,1249,1237,1237,1248,1255,1243,1219,1201,1191,1180,1168
"North Dakota","State","4br",1300,1297,1289,1280,1272,1288,1302,1313,1308,1295,1285,1273,1273,1274,1284,1293,1307,1319,1335,1344,1355,1359,1363,1364,1361,1344,1335,1341,1368,1383,1398,1397,1400,1398,1392,1379,1379,1391,1400,1386,1359,1339,1327,1316,1302
"Ohio","State","Studio",580,583,583,587,593,599,600,593,592,588,590,587,588,586,595,600,608,608,612,613,611,610,609,608,607,608,612,616,621,625,628,629,628,626,624,623,624,627,630,633,634,636,641,644,646
"Ohio","State","1br",616,619,619,623,630,636,637,630,629,625,626,623,624,623,632,638,645,646,650,651,649,648,647,646,645,646,650,654,660,664,667,668,667,665,663,662,662,666,670,672,673,676,681,684,686
"Ohio","State","2br",798,802,803,808,816,824,826,817,815,810,811,807,809,807,818,826,836,837,843,843,842,839,838,837,836,837,842,848,855,861,864,866,865,862,859,858,858,863,868,871,873,876,882,886,889
"Ohio","State","3br",935,939,940,946,955,965,967,956,954,948,950,945,947,944,958,967,979,980,986,987,985,982,981,980,978,980,986,993,1001,1008,1012,1014,1012,1009,1006,1004,1005,1010,1016,1019,1022,1025,1033,1038,1041
"Ohio","State","4br",1023,1028,1028,1035,1046,1055,1058,1046,1044,1038,1040,1034,1037,1034,1048,1058,1071,1073,1079,1080,1078,1075,1074,1073,1071,1072,1079,1086,1095,1103,1107,1109,1108,1104,1101,1099,1100,1105,1112,1115,1118,1122,1130,1135,1139
"Oklahoma","State","Studio",594,595,600,607,609,609,607,606,605,604,603,603,602,602,605,606,611,613,617,621,621,621,616,616,614,615,618,622,627,629,630,630,629,627,627,626,628,628,632,633,636,636,640,645,649
"Oklahoma","State","1br",627,628,633,640,643,642,641,640,638,638,636,636,636,635,638,640,645,647,651,655,656,655,650,650,648,649,652,657,662,664,665,664,663,662,662,661,663,663,667,668,671,671,675,680,685
"Oklahoma","State","2br",774,775,781,790,793,793,791,790,788,787,785,786,785,784,788,790,796,799,803,809,809,809,802,802,800,801,805,811,817,820,821,820,819,817,817,816,818,818,823,825,828,829,833,840,845
"Oklahoma","State","3br",942,944,952,963,966,966,964,962,960,959,956,957,956,956,960,962,969,973,979,986,986,986,978,977,974,975,981,988,996,998,1000,999,998,995,995,994,997,997,1002,1005,1009,1010,1015,1023,1030
"Oklahoma","State","4br",1121,1123,1132,1146,1150,1149,1147,1145,1142,1141,1138,1139,1137,1137,1142,1145,1153,1158,1164,1173,1173,1173,1163,1162,1159,1161,1167,1175,1184,1188,1190,1189,1187,1184,1184,1183,1186,1186,1193,1195,1200,1201,1208,1217,1225
"Oregon","State","Studio",935,934,934,933,945,958,968,963,959,943,935,928,930,933,941,950,962,968,976,975,972,967,957,952,950,956,963,970,977,983,989,995,993,988,979,979,978,985,989,985,975,969,972,977,978
"Oregon","State","1br",971,971,971,970,982,996,1006,1001,997,981,972,965,967,969,978,987,1000,1006,1014,1013,1010,1005,995,989,988,994,1001,1008,1015,1022,1028,1034,1032,1028,1018,1017,1017,1024,1028,1023,1014,1007,1011,1016,1017
"Oregon","State","2br",1125,1124,1124,1124,1137,1153,1165,1159,1154,1136,1126,1117,1120,1123,1133,1143,1158,1165,1175,1173,1170,1164,1152,1146,1144,1151,1159,1168,1176,1183,1190,1198,1195,1190,1179,1178,1178,1186,1190,1185,1174,1166,1170,1176,1178
"Oregon","State","3br",1432,1431,1431,1430,1448,1468,1483,1476,1469,1445,1433,1422,1425,1429,1442,1455,1474,1483,1495,1493,1489,1481,1467,1459,1456,1466,1475,1486,1496,1506,1515,1524,1522,1515,1500,1500,1499,1510,1515,1509,1495,1485,1490,1497,1499
"Oregon","State","4br",1682,1681,1681,1680,1701,1724,1741,1733,1726,1698,1683,1670,1674,1678,1694,1709,1731,1742,1756,1754,1749,1740,1723,1713,1711,1721,1733,1745,1757,1769,1779,1790,1787,1779,1762,1761,1761,1773,1779,1772,1756,1744,1750,1759,1761
"Pennsylvania","State","Studio",731,735,737,742,750,756,757,751,744,738,732,732,729,734,741,751,761,766,772,776,774,771,766,764,763,763,769,775,784,789,792,792,789,788,786,785,782,782,786,785,784,783,787,790,788
"Pennsylvania","State","1br",785,790,792,797,805,812,813,807,800,793,786,786,783,788,796,807,817,823,830,834,832,829,823,821,820,820,826,833,842,847,851,851,848,847,845,844,840,840,844,843,842,841,845,848,847
"Pennsylvania","State","2br",966,972,974,981,991,999,1001,993,984,976,968,968,963,970,980,994,1006,1013,1021,1026,1024,1020,1013,1010,1009,1009,1016,1025,1036,1043,1047,1047,1043,1042,1039,1038,1034,1034,1039,1038,1037,1035,1041,1044,1042
"Pennsylvania","State","3br",1078,1086,1088,1095,1107,1116,1118,1109,1099,1090,1081,1080,1076,1083,1094,1109,1123,1131,1140,1146,1143,1139,1131,1128,1127,1127,1134,1145,1157,1164,1169,1169,1165,1164,1161,1159,1154,1154,1160,1159,1158,1155,1162,1165,1164
"Pennsylvania","State","4br",1169,1176,1179,1186,1199,1209,1211,1202,1191,1181,1171,1171,1166,1173,1185,1202,1217,1225,1235,1241,1239,1234,1226,1222,1221,1221,1229,1240,1254,1262,1267,1267,1262,1261,1258,1256,1250,1250,1256,1256,1254,1252,1259,1263,1261
"Rhode Island","State","Studio",,,726,726,750,765,781,782,779,767,755,749,739,740,750,769,788,798,804,808,819,831,822,802,785,782,787,794,806,818,814,813,812,815,797,772,769,786,811,814,811,807,806,814,819
"Rhode Island","State","1br",,,838,839,866,884,902,903,899,885,872,865,854,855,866,888,911,921,929,933,946,960,949,926,906,903,908,916,931,945,940,939,938,941,920,892,888,907,937,941,936,932,931,940,946
"Rhode Island","State","2br",,,1126,1127,1163,1187,1211,1213,1208,1189,1171,1162,1147,1148,1163,1192,1223,1238,1247,1253,1271,1290,1275,1244,1217,1213,1220,1231,1250,1269,1263,1262,1260,1265,1236,1198,1193,1219,1259,1263,1258,1252,1251,1262,1270
"Rhode Island","State","3br",,,1260,1261,1302,1328,1355,1357,1352,1331,1310,1300,1283,1285,1302,1334,1369,1385,1396,1402,1422,1444,1427,1393,1362,1357,1366,1378,1399,1421,1414,1412,1410,1415,1383,1340,1335,1364,1408,1414,1408,1401,1400,1413,1422
"Rhode Island","State","4br",,,1582,1584,1634,1668,1702,1704,1697,1671,1645,1633,1612,1613,1635,1676,1719,1740,1753,1761,1786,1813,1792,1749,1711,1704,1715,1730,1757,1784,1775,1773,1771,1777,1737,1683,1677,1713,1769,1775,1768,1759,1758,1774,1785
"South Carolina","State","Studio",791,790,789,792,796,804,806,806,799,793,787,784,783,785,794,802,809,812,817,820,819,817,810,806,804,808,816,824,831,835,839,840,840,837,833,829,827,829,832,830,826,825,832,841,845
"South Carolina","State","1br",795,794,793,797,801,808,811,811,803,798,791,789,787,790,799,806,814,817,821,824,824,821,814,811,808,813,820,828,835,840,844,845,844,842,837,834,832,834,836,834,831,830,836,846,850
"South Carolina","State","2br",902,900,899,903,908,916,919,919,911,904,897,894,892,895,905,914,922,926,931,934,934,931,923,919,916,921,930,939,947,952,956,958,957,954,949,945,943,945,948,946,942,941,948,959,963
"South Carolina","State","3br",1054,1052,1051,1055,1061,1071,1074,1074,1064,1056,1048,1045,1043,1046,1058,1068,1078,1082,1088,1092,1091,1088,1079,1074,1071,1076,1087,1097,1107,1113,1117,1119,1119,1115,1109,1104,1102,1104,1108,1105,1100,1099,1108,1120,1126
"South Carolina","State","4br",1314,1312,1310,1316,1323,1336,1339,1340,1327,1318,1307,1303,1301,1305,1319,1332,1344,1349,1357,1362,1361,1356,1345,1339,1335,1342,1355,1368,1380,1388,1393,1396,1395,1390,1383,1377,1374,1377,1381,1379,1372,1371,1382,1397,1404
"South Dakota","State","Studio",576,591,591,588,591,595,599,601,598,598,594,589,587,582,590,592,602,599,602,599,599,597,598,600,601,600,600,602,604,607,609,611,610,608,607,605,604,604,606,607,608,609,613,615,614
"South Dakota","State","1br",582,598,598,594,597,601,605,607,605,605,601,596,594,589,596,599,608,606,608,606,605,604,605,606,608,607,607,609,611,614,616,618,617,615,614,612,610,611,613,614,615,616,620,622,621
"South Dakota","State","2br",792,813,813,808,812,818,823,826,822,822,817,810,807,800,811,814,827,824,827,824,823,821,822,824,827,825,826,828,831,835,838,840,839,836,835,832,830,830,833,835,836,838,843,846,844
"South Dakota","State","3br",925,949,949,944,948,955,961,965,960,960,954,946,942,935,947,951,966,962,966,962,961,959,960,963,965,963,964,967,970,975,978,980,979,976,975,972,969,970,973,975,976,978,985,987,986
"South Dakota","State","4br",999,1026,1026,1020,1025,1032,1038,1043,1038,1038,1031,1022,1019,1010,1024,1028,1044,1040,1044,1040,1039,1036,1038,1040,1043,1041,1042,1045,1048,1053,1057,1060,1058,1055,1053,1050,1047,1048,1052,1054,1055,1057,1064,1067,1066
"Tennessee","State","Studio",712,716,722,722,725,726,725,721,720,718,711,706,703,704,711,717,725,729,732,735,733,730,724,721,719,721,724,732,739,747,752,755,753,752,749,746,746,747,751,751,750,749,753,758,759
"Tennessee","State","1br",759,763,769,769,773,773,772,768,767,765,758,752,749,750,757,764,772,777,780,782,781,777,771,768,766,768,772,779,787,796,801,804,802,801,798,795,794,795,800,800,799,798,802,808,809
"Tennessee","State","2br",892,896,904,903,908,909,907,902,901,899,890,883,880,882,890,898,907,913,917,919,918,913,906,902,900,903,907,916,925,935,941,944,943,941,937,934,933,935,940,940,938,938,942,949,950
"Tennessee","State","3br",1064,1070,1079,1078,1083,1084,1083,1076,1075,1072,1062,1054,1051,1052,1062,1071,1083,1089,1094,1097,1096,1090,1082,1077,1074,1077,1082,1093,1104,1116,1123,1127,1125,1123,1118,1115,1114,1115,1122,1122,1120,1119,1125,1132,1134
"Tennessee","State","4br",1309,1315,1327,1325,1332,1334,1331,1324,1322,1319,1307,1296,1292,1294,1306,1318,1332,1339,1346,1349,1347,1340,1330,1325,1321,1325,1331,1344,1357,1373,1381,1386,1384,1381,1375,1371,1370,1372,1379,1379,1377,1377,1383,1393,1394
"Texas","State","Studio",833,833,835,839,843,847,848,847,848,849,849,847,846,845,849,852,857,861,867,870,870,868,863,860,858,860,863,867,872,877,881,883,881,877,873,871,870,872,874,872,867,863,863,863,862
"Texas","State","1br",910,910,913,916,921,925,926,925,926,927,927,925,924,923,927,931,937,941,947,950,950,948,943,939,937,939,943,947,952,958,963,965,963,959,954,952,951,953,955,953,948,942,943,943,941
"Texas","State","2br",1039,1039,1042,1046,1052,1056,1057,1056,1057,1058,1058,1056,1054,1054,1058,1062,1069,1074,1081,1085,1084,1082,1076,1072,1069,1072,1076,1081,1087,1093,1099,1101,1099,1094,1088,1086,1085,1088,1090,1087,1081,1076,1076,1076,1074
"Texas","State","3br",1243,1244,1247,1252,1259,1264,1265,1264,1266,1267,1267,1264,1262,1261,1267,1271,1279,1285,1294,1298,1298,1295,1288,1283,1280,1283,1288,1294,1301,1309,1315,1318,1315,1309,1303,1300,1299,1302,1305,1302,1294,1287,1288,1288,1286
"Texas","State","4br",1630,1631,1635,1642,1650,1657,1659,1657,1660,1661,1661,1657,1655,1654,1661,1667,1678,1685,1696,1702,1702,1698,1689,1682,1678,1683,1689,1697,1706,1716,1725,1729,1725,1717,1708,1705,1703,1707,1711,1707,1697,1688,1689,1690,1686
"Utah","State","Studio",755,756,768,772,777,783,789,792,796,794,787,786,787,794,802,806,815,814,819,821,827,826,826,829,830,828,826,831,839,845,851,854,852,849,846,844,843,843,847,844,845,844,851,853,856
"Utah","State","1br",834,835,848,853,859,865,871,875,879,877,870,868,870,877,886,890,900,899,905,907,913,912,912,916,917,915,912,918,927,934,940,943,941,938,934,933,931,931,935,933,933,932,940,943,945
"Utah","State","2br",970,971,987,992,999,1006,1014,1018,1023,1021,1012,1010,1011,1020,1030,1035,1047,1046,1053,1054,1062,1061,1061,1065,1067,1064,1061,1068,1078,1086,1093,1097,1095,1091,1087,1085,1083,1083,1088,1085,1086,1084,1093,1096,1099
"Utah","State","3br",1221,1224,1243,1250,1258,1267,1277,1282,1288,1286,1274,1272,1274,1285,1298,1304,1319,1318,1326,1328,1338,1336,1337,1342,1344,1340,1336,1346,1358,1369,1377,1382,1379,1375,1369,1367,1364,1364,1371,1367,1368,1366,1377,1381,1385
"Utah","State","4br",1462,1464,1488,1496,1505,1517,1528,1535,1542,1539,1525,1522,1525,1538,1553,1561,1579,1577,1587,1590,1601,1599,1600,1606,1609,1604,1599,1610,1625,1638,1648,1654,1650,1645,1639,1635,1632,1633,1640,1636,1637,1635,1648,1653,1657
"Virginia","State","Studio",1164,1169,1177,1189,1194,1200,1203,1199,1192,1182,1173,1168,1167,1173,1187,1199,1209,1215,1222,1225,1220,1212,1204,1202,1203,1210,1221,1233,1245,1255,1260,1259,1251,1242,1234,1228,1227,1232,1244,1246,1242,1232,1230,1228,1221
"Virginia","State","1br",1166,1171,1179,1191,1196,1203,1205,1201,1194,1184,1175,1170,1169,1175,1189,1201,1211,1217,1224,1228,1223,1215,1206,1204,1205,1212,1223,1235,1247,1257,1263,1261,1253,1244,1236,1230,1229,1234,1247,1249,1244,1235,1232,1230,1224
"Virginia","State","2br",1194,1199,1208,1220,1225,1231,1234,1230,1223,1212,1204,1198,1197,1203,1217,1230,1240,1246,1253,1257,1252,1244,1235,1233,1234,1241,1252,1265,1277,1287,1293,1291,1283,1274,1266,1259,1258,1264,1276,1279,1274,1264,1261,1260,1253
"Virginia","State","3br",1405,1411,1422,1436,1442,1450,1452,1448,1439,1427,1417,1410,1409,1416,1433,1448,1460,1467,1475,1480,1474,1464,1453,1451,1453,1461,1474,1489,1503,1515,1522,1520,1510,1499,1490,1483,1481,1487,1503,1505,1500,1488,1485,1483,1475
"Virginia","State","4br",1889,1897,1911,1930,1939,1949,1953,1947,1935,1918,1905,1896,1894,1904,1927,1946,1963,1972,1984,1990,1981,1968,1954,1951,1953,1964,1982,2002,2021,2037,2047,2044,2031,2016,2003,1993,1991,2000,2020,2024,2016,2001,1997,1994,1983
"Washington","State","Studio",1130,1144,1165,1176,1195,1215,1229,1223,1208,1189,1171,1157,1152,1162,1183,1199,1214,1224,1237,1239,1233,1221,1206,1199,1199,1207,1221,1236,1253,1268,1279,1280,1274,1263,1252,1247,1253,1269,1284,1283,1271,1258,1254,1252,1240
"Washington","State","1br",1130,1144,1165,1176,1195,1215,1229,1223,1208,1189,1171,1157,1152,1162,1183,1199,1214,1224,1237,1239,1233,1221,1206,1199,1199,1207,1221,1236,1253,1268,1279,1280,1274,1263,1252,1247,1253,1269,1284,1283,1271,1258,1254,1252,1240
"Washington","State","2br",1307,1322,1347,1360,1382,1405,1420,1414,1397,1374,1354,1337,1332,1343,1368,1386,1403,1415,1430,1433,1426,1412,1395,1386,1386,1396,1411,1428,1449,1466,1478,1480,1473,1460,1447,1442,1449,1468,1484,1483,1469,1455,1450,1447,1433
"Washington","State","3br",1625,1645,1675,1691,1719,1747,1767,1758,1737,1709,1685,1664,1656,1671,1701,1725,1746,1761,1778,1782,1774,1756,1735,1724,1724,1736,1755,1777,1803,1824,1839,1841,1832,1816,1800,1793,1802,1826,1846,1845,1827,1809,1804,1800,1783
"Washington","State","4br",1961,1984,2021,2041,2074,2108,2132,2122,2096,2062,2033,2007,1999,2016,2053,2081,2106,2124,2146,2151,2140,2119,2093,2080,2080,2095,2118,2144,2175,2201,2218,2221,2211,2191,2172,2164,2175,2203,2227,2226,2205,2183,2177,2172,2151
"West Virginia","State","Studio",657,659,664,673,668,667,660,658,656,649,654,656,664,668,666,657,657,658,668,666,665,664,,659,652,660,663,670,670,671,677,683,686,680,676,674,675,673,672,680,685,688,688,692,697
"West Virginia","State","1br",558,559,564,571,567,566,560,559,557,551,555,557,564,567,565,558,558,559,567,565,564,564,,559,553,560,563,569,569,569,574,580,582,577,574,572,573,571,570,577,581,583,584,587,592
"West Virginia","State","2br",745,747,753,763,758,756,749,746,744,735,742,744,753,757,755,745,745,746,758,755,754,753,,747,739,748,752,760,759,761,767,774,777,771,766,764,765,763,762,771,777,779,780,784,790
"West Virginia","State","3br",872,874,881,893,887,885,876,873,871,861,868,871,881,886,884,872,872,873,887,883,882,882,,874,865,876,880,889,889,890,898,906,910,902,897,894,896,893,892,902,909,912,913,918,925
"West Virginia","State","4br",1046,1048,1057,1071,1063,1061,1051,1047,1044,1032,1041,1044,1057,1062,1059,1045,1045,1047,1063,1059,1058,1057,,1048,1037,1050,1055,1066,1066,1068,1077,1087,1091,1082,1076,1072,1074,1071,1069,1082,1090,1094,1095,1101,1109
"Wisconsin","State","Studio",669,672,669,669,673,678,682,681,686,679,677,673,673,669,670,678,688,691,692,693,689,686,683,684,686,692,698,703,706,708,709,709,708,707,707,706,706,708,712,717,718,721,721,723,720
"Wisconsin","State","1br",712,715,712,713,716,721,726,724,730,723,720,716,716,712,713,722,732,735,737,737,733,730,727,728,731,736,743,748,751,754,755,755,754,753,752,752,751,754,758,763,764,767,767,769,767
"Wisconsin","State","2br",895,899,895,896,900,907,913,911,917,909,906,900,900,896,897,907,920,924,926,927,922,918,914,915,918,925,934,940,945,948,949,949,947,946,946,945,944,947,953,959,961,964,964,967,964
"Wisconsin","State","3br",1057,1062,1056,1058,1063,1071,1078,1075,1083,1074,1070,1063,1063,1058,1059,1071,1087,1091,1094,1095,1089,1084,1079,1080,1084,1093,1103,1110,1115,1119,1121,1121,1119,1118,1117,1116,1115,1119,1125,1133,1135,1139,1139,1142,1138
"Wisconsin","State","4br",1172,1178,1172,1174,1180,1188,1196,1193,1202,1191,1187,1179,1180,1173,1175,1189,1206,1211,1214,1214,1208,1203,1198,1198,1203,1213,1224,1232,1238,1242,1244,1243,1241,1240,1239,1238,1237,1241,1248,1257,1259,1263,1264,1267,1263
"Wyoming","State","Studio",,649,654,647,646,643,638,633,635,,634,630,644,651,660,653,663,669,681,687,685,682,,681,683,691,694,697,706,712,717,718,717,717,715,714,713,707,710,707,717,717,716,705,703
"Wyoming","State","1br",,617,622,616,614,611,607,602,604,,603,599,612,619,627,621,630,636,648,653,651,648,,647,650,657,660,663,672,677,682,683,682,682,680,679,678,672,675,672,682,682,680,670,669
"Wyoming","State","2br",,769,775,767,765,761,756,750,752,,752,746,763,771,782,774,785,792,807,814,811,808,,807,809,819,822,826,837,844,850,851,850,850,847,846,845,838,842,838,850,850,848,835,833
"Wyoming","State","3br",,1025,1032,1022,1020,1014,1007,1000,1002,,1001,994,1016,1027,1041,1031,1046,1055,1075,1084,1081,1076,,1075,1078,1091,1095,1100,1115,1124,1132,1134,1132,1132,1129,1127,1126,1116,1121,1116,1132,1132,1129,1113,1110
"Wyoming","State","4br",,1260,1269,1256,1254,1247,1238,1229,1232,,1231,1222,1249,1263,1280,1268,1286,1297,1322,1333,1329,1323,,1321,1326,1342,1346,1353,1371,1382,1392,1394,1391,1391,1388,1385,1384,1372,1378,1372,1392,1391,1389,1368,1365
